,n_genes_by_counts,total_counts,pct_counts_in_top_100_genes,total_counts_mt,pct_counts_mt,batch,leiden_res
AAGATAGAGTCTTCCC-1-rep1,280,691.0,73.9507959479016,174.0,25.180897,rep1,2
AAGTGAATCCAAATGC-1-rep1,307,740.0,72.02702702702702,186.0,25.135136,rep1,2
AATAGAGCATTCAGCA-1-rep1,2487,10890.0,48.503213957759414,680.0,6.244261,rep1,2
AATCACGCAAGCGAAC-1-rep1,261,654.0,75.38226299694189,125.0,19.11315,rep1,2
AATGACCAGCCTCAAT-1-rep1,2192,9043.0,47.79387371447528,377.0,4.1689706,rep1,2
AATGGCTCAACTCCAA-1-rep1,1142,5283.0,65.0577323490441,251.0,4.7510886,rep1,2
ACATCCCGTCATCGCG-1-rep1,278,661.0,73.07110438729198,139.0,21.028744,rep1,2
ACCGTTCGTACGTAGG-1-rep1,468,1360.0,67.4264705882353,284.0,20.882353,rep1,2
ACGGGTCCATCGCTAA-1-rep1,295,690.0,71.73913043478261,202.0,29.275364,rep1,2
AGACTCAGTAGTCTTG-1-rep1,220,646.0,81.42414860681114,174.0,26.934984,rep1,2
AGGGCTCTCACTGGTA-1-rep1,844,1471.0,44.79945615227736,224.0,15.227736,rep1,2
AGTGATCGTCCTGTTC-1-rep1,1604,4990.0,47.69539078156313,176.0,3.5270543,rep1,2
AGTGTTGCATCGAAGG-1-rep1,420,1339.0,72.14339058999253,360.0,26.885736,rep1,2
AGTTAGCTCAGACCTA-1-rep1,448,1383.0,70.64352856109906,246.0,17.787418,rep1,2
ATGACCAGTGGTCCCA-1-rep1,554,1551.0,64.92585428755642,214.0,13.79755,rep1,2
ATGTCCCCATCAGCTA-1-rep1,391,949.0,66.49104320337197,199.0,20.969442,rep1,2
ATTATCCTCTTCTCAA-1-rep1,627,1479.0,56.86274509803921,305.0,20.622042,rep1,2
ATTCACTAGCATCAAA-1-rep1,1040,2494.0,44.26623897353649,160.0,6.4153967,rep1,2
ATTCACTCATATACCG-1-rep1,293,775.0,75.09677419354838,228.0,29.419353,rep1,2
ATTCCCGTCGGTCGAC-1-rep1,321,1014.0,74.7534516765286,220.0,21.696253,rep1,2
CAAGCTAGTAATGCTC-1-rep1,379,940.0,68.08510638297872,133.0,14.148935,rep1,2
CAAGCTAGTCCACACG-1-rep1,462,1371.0,68.12545587162656,226.0,16.484318,rep1,2
CAATGACGTCATCGGC-1-rep1,346,564.0,56.38297872340425,125.0,22.16312,rep1,2
CACAGATTCTAAACGC-1-rep1,220,558.0,78.49462365591397,113.0,20.250896,rep1,2
CACGGGTGTCCACATA-1-rep1,292,759.0,73.25428194993412,165.0,21.73913,rep1,2
CAGATTGGTCCATACA-1-rep1,460,1040.0,60.28846153846153,139.0,13.365385,rep1,2
CAGCCAGCAGAACATA-1-rep1,1887,13753.0,69.40303933687196,3220.0,23.413074,rep1,2
CAGCGTGTCTCGGTAA-1-rep1,335,709.0,66.85472496473906,103.0,14.527504,rep1,2
CATACCCAGTGGCAGT-1-rep1,470,1280.0,67.1875,227.0,17.734375,rep1,2
CATAGACTCCCATGGG-1-rep1,317,737.0,70.28493894165535,186.0,25.23745,rep1,2
CATCGGGTCTGCCTCA-1-rep1,474,1503.0,69.59414504324684,223.0,14.836992,rep1,2
CCCTTAGTCACACCCT-1-rep1,798,1838.0,50.32644178454843,314.0,17.083786,rep1,2
CCGGACACATGGCACC-1-rep1,655,1411.0,54.571226080793764,170.0,12.048193,rep1,2
CCTTCAGTCTAGTCAG-1-rep1,585,2698.0,77.02001482579689,506.0,18.754633,rep1,2
CGAAGGACACGGTAGA-1-rep1,249,646.0,76.93498452012383,180.0,27.863777,rep1,2
CGAGGCTGTTCCACAA-1-rep1,2490,35631.0,79.74797227133675,1812.0,5.085459,rep1,2
CGAGTGCAGTTGGAAT-1-rep1,445,975.0,59.692307692307686,67.0,6.8717947,rep1,2
CGATGCGCACGCAAAG-1-rep1,322,734.0,69.75476839237056,141.0,19.20981,rep1,2
CGTCCATAGAAACCAT-1-rep1,1608,15760.0,79.58121827411168,3172.0,20.126904,rep1,2
CGTGAATAGGTGCCAA-1-rep1,236,1108.0,87.72563176895306,328.0,29.602888,rep1,2
CGTGTCTCATCCTGTC-1-rep1,556,1303.0,58.32693783576362,137.0,10.514198,rep1,2
CTATAGGGTGCCCACA-1-rep1,1818,15374.0,77.25380512553663,2592.0,16.859632,rep1,2
CTCAGTCGTACTCCCT-1-rep1,406,1661.0,79.59060806742926,437.0,26.309452,rep1,2
CTCCATGTCGAGCCTG-1-rep1,396,973.0,66.90647482014388,94.0,9.660843,rep1,2
CTCCGATGTCGGTGTC-1-rep1,358,1088.0,73.06985294117648,226.0,20.772058,rep1,2
CTCTGGTGTTACACTG-1-rep1,351,925.0,69.08108108108108,159.0,17.18919,rep1,2
CTTCCTTTCTTCGTGC-1-rep1,262,772.0,79.01554404145078,170.0,22.020725,rep1,2
CTTTCGGCACTGGCGT-1-rep1,261,656.0,75.45731707317073,180.0,27.439026,rep1,2
GAATAGACACATTACG-1-rep1,399,1386.0,76.33477633477634,199.0,14.357864,rep1,2
GACTATGCAACCTAAC-1-rep1,391,988.0,66.39676113360325,113.0,11.437247,rep1,2
GAGTGTTCATGGATCT-1-rep1,225,508.0,75.39370078740157,143.0,28.149609,rep1,2
GATAGCTGTCGCAGTC-1-rep1,2130,30064.0,82.56053751995742,3881.0,12.909128,rep1,2
GATAGCTTCCCATAAG-1-rep1,393,1160.0,71.4655172413793,183.0,15.775863,rep1,2
GATCACAGTCAGTTTG-1-rep1,451,1245.0,66.98795180722892,185.0,14.859438,rep1,2
GATGACTCAGAGGCAT-1-rep1,280,1001.0,82.01798201798202,261.0,26.073927,rep1,2
GCAGGCTCAGAACCGA-1-rep1,363,1351.0,80.01480384900074,352.0,26.054775,rep1,2
GCATCTCAGTGGATAT-1-rep1,427,1836.0,79.68409586056644,494.0,26.906317,rep1,2
GCCAACGTCGCGTGAC-1-rep1,485,1421.0,65.51724137931035,102.0,7.1780434,rep1,2
GGAGCAATCCGTATAG-1-rep1,1459,4041.0,47.216035634743875,729.0,18.040089,rep1,2
GGAGGTAGTCTGTTAG-1-rep1,2448,14255.0,57.41143458435637,461.0,3.2339528,rep1,2
GGATCTACATCACCAA-1-rep1,572,2565.0,76.45224171539961,479.0,18.674465,rep1,2
GGGACAAGTGCGGCTT-1-rep1,305,844.0,73.93364928909952,193.0,22.867298,rep1,2
GGGCCATCACGTCGTG-1-rep1,561,1699.0,62.389640965273685,123.0,7.2395525,rep1,2
GGGCTACGTTTGGGAG-1-rep1,411,974.0,63.96303901437371,155.0,15.913757,rep1,2
GGGCTCACAAACGAGC-1-rep1,607,2274.0,69.21723834652595,165.0,7.2559366,rep1,2
GTAACACCAGAGGACT-1-rep1,817,2437.0,57.201477226097666,108.0,4.4316783,rep1,2
GTAATGCAGTGGCCTC-1-rep1,476,1287.0,66.27816627816627,354.0,27.505827,rep1,2
GTACAACGTACGTGTT-1-rep1,2161,19411.0,70.80006182061717,1715.0,8.8351965,rep1,2
GTAGGAGCATGACTGT-1-rep1,475,1142.0,62.34676007005254,138.0,12.084064,rep1,2
GTCAGCGGTGGAACAC-1-rep1,764,2370.0,58.81856540084388,314.0,13.248946,rep1,2
GTCATTTTCCCAAGCG-1-rep1,458,2040.0,76.86274509803923,192.0,9.411765,rep1,2
GTCCCATCATGGCTAT-1-rep1,368,817.0,65.48347613219094,129.0,15.789473,rep1,2
GTGAGTTCAACCAGAG-1-rep1,343,995.0,74.2713567839196,187.0,18.79397,rep1,2
GTTCATTTCCACGTGG-1-rep1,296,1164.0,82.4742268041237,286.0,24.570448,rep1,2
GTTCGCTAGACATGCG-1-rep1,2039,19711.0,63.95921059306986,2113.0,10.719903,rep1,2
GTTGCGGAGCCTCTTC-1-rep1,339,1046.0,75.52581261950286,291.0,27.820269,rep1,2
GTTTGGACATGCACTA-1-rep1,311,849.0,74.6760895170789,195.0,22.968199,rep1,2
TACTGCCGTTCTGAGT-1-rep1,705,2229.0,59.71287572902647,174.0,7.806191,rep1,2
TAGTGCACACAACGCC-1-rep1,1033,3437.0,56.82281059063137,522.0,15.187664,rep1,2
TATCCTACAAGCTCTA-1-rep1,2284,22107.0,73.63730944949563,5107.0,23.10128,rep1,2
TCAAGCATCGCTGACG-1-rep1,425,1044.0,65.7088122605364,146.0,13.984674,rep1,2
TCAATTCCAGACACAG-1-rep1,400,905.0,63.093922651933696,123.0,13.59116,rep1,2
TCACGCTGTATTGGCT-1-rep1,457,1100.0,62.81818181818182,304.0,27.636364,rep1,2
TCACTCGGTATGAGCG-1-rep1,365,1515.0,80.19801980198021,418.0,27.590757,rep1,2
TCATACTCAGAGATGC-1-rep1,990,3673.0,63.35420637081405,385.0,10.4818945,rep1,2
TCATTGTCAGTCAGAG-1-rep1,293,1065.0,81.87793427230046,301.0,28.26291,rep1,2
TCCTAATCAGATTCGT-1-rep1,1072,4556.0,58.999122036874454,538.0,11.808604,rep1,2
TCGGATATCCCTGTTG-1-rep1,2118,9358.0,50.11754648429152,503.0,5.37508,rep1,2
TCTTAGTAGCGCCTCA-1-rep1,640,1612.0,56.69975186104218,198.0,12.282878,rep1,2
TCTTTGATCTGAGGTT-1-rep1,388,576.0,50.0,138.0,23.958332,rep1,2
TGAGGTTAGTCGTCTA-1-rep1,474,1418.0,68.61777150916785,296.0,20.87447,rep1,2
TGATGCACACAAGTGG-1-rep1,1431,12173.0,79.41345600920069,1492.0,12.256634,rep1,2
TGCATCCAGGAGGCAG-1-rep1,538,1373.0,63.07356154406409,269.0,19.592134,rep1,2
TGCATGAGTCACTCAA-1-rep1,497,1466.0,71.62346521145976,306.0,20.873123,rep1,2
TGCGATAAGATTCGAA-1-rep1,627,1738.0,62.42807825086306,378.0,21.749138,rep1,2
TGCGGCATCGACCATA-1-rep1,330,1021.0,77.47306562193927,247.0,24.191969,rep1,2
TGGGAGAAGGCTTAGG-1-rep1,242,582.0,75.60137457044674,131.0,22.50859,rep1,2
TGGGCGTAGGGCTTCC-1-rep1,2123,12827.0,58.634131129648395,2958.0,23.060732,rep1,2
TGGGTTAAGACGGTCA-1-rep1,408,1156.0,68.25259515570934,236.0,20.415226,rep1,2
TGGTACAGTGAATGAT-1-rep1,1816,12376.0,70.91952165481578,1734.0,14.01099,rep1,2
TGGTGATCAATACAGA-1-rep1,570,1389.0,60.475161987041034,206.0,14.830812,rep1,2
TGGTTAGCACTCCTTG-1-rep1,305,751.0,72.70306258322236,198.0,26.364847,rep1,2
TTCATTGCATCTTCGC-1-rep1,147,779.0,93.96662387676508,205.0,26.31579,rep1,2
TTCATTGTCGAGATAA-1-rep1,355,755.0,66.09271523178808,225.0,29.801325,rep1,2
TTCCGGTTCGAAGTGG-1-rep1,363,895.0,68.04469273743017,190.0,21.22905,rep1,2
TTCCTAAGTCAAAGCG-1-rep1,891,2317.0,52.43849805783341,402.0,17.350021,rep1,2
TTTGGTTGTGTACAGG-1-rep1,635,1451.0,55.06547208821503,217.0,14.955203,rep1,2
AAACGAAGTAGTCTGT-1-rep2,1928,5518.0,34.777093149691915,101.0,1.8303733,rep2,2
AAAGGATGTATCTCTT-1-rep2,596,1655.0,59.516616314199396,97.0,5.8610272,rep2,2
AAAGGTACACTTCAAG-1-rep2,438,1268.0,67.98107255520505,86.0,6.7823343,rep2,2
AAAGTCCGTGAGTTTC-1-rep2,1786,8969.0,61.032445088638646,158.0,1.7616233,rep2,2
AAAGTGAGTCGGCTAC-1-rep2,1520,4009.0,37.04165627338488,116.0,2.8934896,rep2,2
AACAAAGGTCATTGCA-1-rep2,1336,3331.0,41.84929450615431,62.0,1.861303,rep2,2
AACAAGAAGCGTTGTT-1-rep2,1063,2950.0,47.559322033898304,153.0,5.186441,rep2,2
AACCACAGTGCGACAA-1-rep2,240,933.0,84.994640943194,152.0,16.291533,rep2,2
AACTTCTCAAGACCTT-1-rep2,875,1947.0,48.12532100667694,117.0,6.009245,rep2,2
AAGGAATGTCTCCTGT-1-rep2,253,928.0,83.51293103448276,215.0,23.168104,rep2,2
AAGTCGTTCGGCTGGT-1-rep2,1877,6227.0,35.65119640276217,167.0,2.6818693,rep2,2
AAGTGAAAGTTCATCG-1-rep2,2253,31369.0,82.5719659536485,290.0,0.9244796,rep2,2
AAGTTCGTCGGTTCAA-1-rep2,463,1539.0,73.81416504223522,99.0,6.432749,rep2,2
AATCACGGTATTTCTC-1-rep2,1447,5831.0,60.64139941690962,854.0,14.645858,rep2,2
AATGGCTCATACAGCT-1-rep2,1018,2927.0,50.63204646395627,53.0,1.8107276,rep2,2
ACAGCCGTCAAACTGC-1-rep2,280,1025.0,81.26829268292683,119.0,11.609756,rep2,2
ACATCCCAGACTCATC-1-rep2,1556,4838.0,40.409260024803636,187.0,3.8652334,rep2,2
ACATCCCCAGATTAAG-1-rep2,270,905.0,80.44198895027624,110.0,12.154696,rep2,2
ACCAACATCAGTCATG-1-rep2,392,1244.0,69.61414790996785,56.0,4.5016074,rep2,2
ACCCTCAGTCGTGGTC-1-rep2,2104,8097.0,37.08781030011115,90.0,1.1115228,rep2,2
ACCTGTCCAGCACCCA-1-rep2,527,2116.0,74.95274102079395,352.0,16.63516,rep2,2
ACGGGTCGTCCACAGC-1-rep2,331,1042.0,74.37619961612285,68.0,6.5259113,rep2,2
ACGTACAGTAGCTGTT-1-rep2,1605,4400.0,37.31818181818182,160.0,3.6363635,rep2,2
ACTATGGAGCTGGCTC-1-rep2,417,1420.0,73.38028169014085,133.0,9.366198,rep2,2
ACTTCCGCAGGAAGTC-1-rep2,1925,5662.0,35.19957612151183,80.0,1.4129283,rep2,2
ACTTTCAAGCGCCGTT-1-rep2,1589,4672.0,35.63784246575342,54.0,1.1558219,rep2,2
AGACAAACACTGCGAC-1-rep2,515,2025.0,74.71604938271605,278.0,13.728395,rep2,2
AGACCCGGTGCGTTTA-1-rep2,365,955.0,70.68062827225131,72.0,7.539267,rep2,2
AGATCGTAGTGCGTCC-1-rep2,1425,6676.0,61.6087477531456,68.0,1.018574,rep2,2
AGCGATTCATAACAGA-1-rep2,237,899.0,84.76084538375973,159.0,17.686317,rep2,2
AGGAATATCTGGGATT-1-rep2,1089,2836.0,42.84203102961918,101.0,3.5613542,rep2,2
AGGAGGTGTGTGTCGC-1-rep2,622,2152.0,67.14684014869889,85.0,3.9498143,rep2,2
AGGGCCTGTCATCAGT-1-rep2,275,997.0,82.44734202607823,120.0,12.036108,rep2,2
AGGGTGAAGTGAGTGC-1-rep2,328,1280.0,79.765625,101.0,7.8906255,rep2,2
AGGTTACGTGGCTGCT-1-rep2,1956,6863.0,43.63980766428676,118.0,1.7193648,rep2,2
AGTAACCGTTGCTCAA-1-rep2,517,1447.0,64.96199032480995,89.0,6.1506567,rep2,2
AGTGATCAGTCACGAG-1-rep2,843,3530.0,67.08215297450425,123.0,3.4844193,rep2,2
AGTGTTGCATCCTATT-1-rep2,324,985.0,75.63451776649747,109.0,11.0659895,rep2,2
ATACTTCAGTTCATGC-1-rep2,2427,11979.0,41.021788129226145,202.0,1.6862843,rep2,2
ATCATTCTCTGTGTGA-1-rep2,357,912.0,70.50438596491229,47.0,5.1535087,rep2,2
ATCGTGATCACACCCT-1-rep2,627,1249.0,49.639711769415534,38.0,3.042434,rep2,2
ATGCGATAGCGTATGG-1-rep2,2145,5937.0,33.13121104935152,114.0,1.9201617,rep2,2
ATTCAGGAGTGAGGCT-1-rep2,494,1134.0,59.43562610229277,54.0,4.7619047,rep2,2
ATTCATCGTCCTGGGT-1-rep2,744,1984.0,54.03225806451613,58.0,2.923387,rep2,2
CAAGCTACAGCAATTC-1-rep2,639,1173.0,47.99658994032396,64.0,5.4560957,rep2,2
CAAGGGATCATGCCCT-1-rep2,299,967.0,79.21406411582213,91.0,9.410548,rep2,2
CAAGGGATCTACCCAC-1-rep2,347,870.0,69.42528735632185,51.0,5.862069,rep2,2
CACAACAGTCATCTAG-1-rep2,2186,8321.0,37.29119096262468,91.0,1.0936186,rep2,2
CACTGGGTCACCTACC-1-rep2,316,1021.0,77.47306562193927,94.0,9.20666,rep2,2
CACTGTCCATGGCACC-1-rep2,282,948.0,80.80168776371308,131.0,13.818565,rep2,2
CAGATACCACCAGCTG-1-rep2,1753,8789.0,59.80202525884628,96.0,1.0922744,rep2,2
CAGCAATGTGGCTGCT-1-rep2,314,952.0,75.31512605042016,66.0,6.9327736,rep2,2
CAGCACGGTTAATCGC-1-rep2,289,917.0,78.95310796074155,91.0,9.923664,rep2,2
CAGCACGGTTGCCGAC-1-rep2,611,1570.0,57.5796178343949,66.0,4.2038217,rep2,2
CAGGGCTTCATTCACT-1-rep2,715,1982.0,58.779011099899094,158.0,7.9717455,rep2,2
CAGGGCTTCGCCGAAC-1-rep2,1568,5242.0,39.18351774132011,81.0,1.5452118,rep2,2
CAGTGCGCACTTTATC-1-rep2,298,1011.0,78.33827893175074,106.0,10.484669,rep2,2
CATAAGCAGCATGCAG-1-rep2,1371,4030.0,39.90074441687345,170.0,4.2183623,rep2,2
CATACCCGTTCCACAA-1-rep2,446,1321.0,67.97880393641181,74.0,5.6018167,rep2,2
CATCAAGTCCGTTGAA-1-rep2,342,1114.0,75.13464991023339,93.0,8.348294,rep2,2
CATGCCTCAGCTTTGA-1-rep2,441,1173.0,67.34867860187553,85.0,7.2463765,rep2,2
CATGGATCAAGGGTCA-1-rep2,1691,5023.0,35.297630897869794,72.0,1.4334064,rep2,2
CATTCTAAGCACACCC-1-rep2,395,1211.0,72.25433526011561,61.0,5.0371594,rep2,2
CCACACTAGATGACCG-1-rep2,278,990.0,81.71717171717172,120.0,12.121212,rep2,2
CCACACTGTGCACGCT-1-rep2,293,870.0,77.816091954023,98.0,11.264368,rep2,2
CCACTTGCATCGTGGC-1-rep2,1723,5692.0,42.322557976106815,98.0,1.7217146,rep2,2
CCCAACTGTGGTTTGT-1-rep2,1414,3751.0,39.02959210877099,86.0,2.292722,rep2,2
CCCTCAACACGCGGTT-1-rep2,235,913.0,85.21358159912377,135.0,14.786418,rep2,2
CCGATGGAGGCCCAAA-1-rep2,1452,3187.0,35.770316912456856,103.0,3.2318797,rep2,2
CCGGTGAAGTAACGAT-1-rep2,742,3755.0,75.31291611185087,596.0,15.87217,rep2,2
CCGTAGGGTCCCTGAG-1-rep2,1550,3663.0,34.862134862134866,49.0,1.3377013,rep2,2
CCGTTCAGTGAGTCAG-1-rep2,332,944.0,73.19915254237289,74.0,7.838983,rep2,2
CCTCAGTGTTACCCTC-1-rep2,1829,5920.0,37.22972972972973,119.0,2.0101352,rep2,2
CCTCCAATCATTTCCA-1-rep2,1830,4306.0,32.25731537389689,126.0,2.9261496,rep2,2
CCTCCTCCATCGATGT-1-rep2,669,1304.0,49.079754601226995,54.0,4.141104,rep2,2
CCTCTCCCACTATCCC-1-rep2,724,1402.0,45.50641940085592,50.0,3.5663338,rep2,2
CCTGTTGTCGTCCATC-1-rep2,584,1547.0,62.89592760180995,164.0,10.601164,rep2,2
CGAAGGACAGGTGAGT-1-rep2,347,965.0,72.33160621761658,64.0,6.6321244,rep2,2
CGAGAAGTCTGGTCAA-1-rep2,375,1094.0,71.38939670932358,73.0,6.672761,rep2,2
CGCAGGTGTTGACGGA-1-rep2,2350,10011.0,42.53321346518829,78.0,0.7791429,rep2,2
CGCATAATCAGCCTTC-1-rep2,231,913.0,85.65169769989048,105.0,11.500547,rep2,2
CGCATGGGTGTTCGTA-1-rep2,1780,4655.0,35.85392051557465,98.0,2.1052632,rep2,2
CGTAAGTCAGAGTCTT-1-rep2,2410,21947.0,71.54052945732901,3071.0,13.992802,rep2,2
CGTGCTTCACAAGTGG-1-rep2,274,908.0,79.62555066079295,55.0,6.0572686,rep2,2
CGTGTCTAGCACGGAT-1-rep2,1840,5197.0,36.34789301520108,389.0,7.4850874,rep2,2
CGTTCTGCATATTCGG-1-rep2,458,1130.0,64.42477876106196,68.0,6.0176992,rep2,2
CGTTCTGCATGTTCGA-1-rep2,257,874.0,81.00686498855835,75.0,8.581236,rep2,2
CTAACTTAGTACTCGT-1-rep2,1980,8830.0,40.770101925254814,341.0,3.8618345,rep2,2
CTACCCAGTGAGGAAA-1-rep2,1528,4636.0,38.45987920621225,83.0,1.7903365,rep2,2
CTACGGGAGCACACCC-1-rep2,1955,7436.0,39.443249058633675,178.0,2.3937602,rep2,2
CTCATCGCACTACGGC-1-rep2,2399,26848.0,78.0914779499404,3283.0,12.228099,rep2,2
CTCTCGAGTCATCGCG-1-rep2,460,939.0,58.67944621938233,75.0,7.987221,rep2,2
CTGCATCTCTAGAGCT-1-rep2,539,1277.0,60.1409553641347,91.0,7.1260767,rep2,2
CTGGACGAGAGTTGTA-1-rep2,1318,3916.0,50.20429009193054,122.0,3.115424,rep2,2
CTGGACGTCCGCTGTT-1-rep2,474,1599.0,71.6072545340838,164.0,10.256411,rep2,2
CTGTGGGCATAAGATG-1-rep2,667,1962.0,64.06727828746178,93.0,4.7400613,rep2,2
CTTCAATTCGTGTTCC-1-rep2,2035,5866.0,34.640300034094786,106.0,1.8070235,rep2,2
CTTCGGTTCATCACTT-1-rep2,236,886.0,84.65011286681715,96.0,10.835215,rep2,2
CTTCTAACACTAAACC-1-rep2,1032,3906.0,56.272401433691755,142.0,3.6354325,rep2,2
GAAGGACTCTACTGAG-1-rep2,371,970.0,69.27835051546391,97.0,10.0,rep2,2
GAAGGGTGTGACCGAA-1-rep2,1251,3508.0,42.47434435575826,64.0,1.8244014,rep2,2
GAAGGGTTCTCACTCG-1-rep2,791,2435.0,58.31622176591375,87.0,3.5728953,rep2,2
GACAGCCTCTTCCTAA-1-rep2,352,1142.0,75.83187390542906,216.0,18.914185,rep2,2
GACCGTGGTTGTCAGT-1-rep2,956,2126.0,44.02634054562559,115.0,5.4092193,rep2,2
GACCTTCCAATAGTGA-1-rep2,1629,4960.0,43.689516129032256,65.0,1.3104838,rep2,2
GACGTTAAGGGTGAGG-1-rep2,585,1693.0,61.961015948021256,121.0,7.147076,rep2,2
GACTCTCTCTATTGTC-1-rep2,2287,8272.0,40.14748549323017,385.0,4.654255,rep2,2
GACTGATTCTTAATCC-1-rep2,1214,4285.0,54.67911318553092,122.0,2.8471413,rep2,2
GAGAGGTAGGAGATAG-1-rep2,2372,23930.0,74.25825323861261,4009.0,16.753029,rep2,2
GAGGGATAGGCCCACT-1-rep2,319,1193.0,80.9723386420788,120.0,10.058676,rep2,2
GAGGGATTCGTTGTAG-1-rep2,348,1166.0,77.01543739279589,77.0,6.6037736,rep2,2
GAGTTGTAGAAGTCCG-1-rep2,765,2318.0,54.314063848144954,105.0,4.529767,rep2,2
GATCATGGTAGTTACC-1-rep2,1261,3042.0,38.362919132149905,83.0,2.7284682,rep2,2
GATGAGGCATAGGAGC-1-rep2,1713,4086.0,31.938325991189426,89.0,2.1781695,rep2,2
GATGGAGAGCACGGAT-1-rep2,806,1984.0,51.26008064516129,130.0,6.552419,rep2,2
GCACGTGGTCAGGAGT-1-rep2,522,1266.0,60.26856240126383,88.0,6.9510264,rep2,2
GCACTAACATAACGGG-1-rep2,1953,6300.0,34.66666666666667,101.0,1.6031746,rep2,2
GCAGCTGAGCCTCATA-1-rep2,542,1265.0,59.52569169960474,79.0,6.245059,rep2,2
GCAGGCTTCCTGGCTT-1-rep2,2104,5885.0,31.011045029736618,94.0,1.5972812,rep2,2
GCCAACGAGAGAGGGC-1-rep2,1721,5149.0,42.10526315789473,74.0,1.4371723,rep2,2
GCCAGCAGTTACACTG-1-rep2,1727,15655.0,80.47269243053337,296.0,1.8907698,rep2,2
GCCATGGTCGCGTGAC-1-rep2,1455,4702.0,40.57847724372608,124.0,2.6371756,rep2,2
GCTGCAGGTCGACTGC-1-rep2,291,980.0,79.48979591836735,120.0,12.244898,rep2,2
GCTGGGTTCTACTGCC-1-rep2,389,1495.0,76.92307692307693,134.0,8.963211,rep2,2
GCTTTCGAGACCAAAT-1-rep2,320,1005.0,77.01492537313432,121.0,12.039801,rep2,2
GGAATGGAGGGATGTC-1-rep2,1644,16047.0,79.1736773228641,4288.0,26.721504,rep2,2
GGATGTTGTCACAGTT-1-rep2,1257,3995.0,48.26032540675845,161.0,4.030038,rep2,2
GGCACGTAGCTTTCTT-1-rep2,1885,6013.0,41.24397139531016,153.0,2.544487,rep2,2
GGCACGTCACTGATTG-1-rep2,288,894.0,78.41163310961969,57.0,6.3758388,rep2,2
GGCTTTCTCAGCCTCT-1-rep2,1020,3907.0,62.759150243153314,79.0,2.0220118,rep2,2
GGGACCTTCACCATAG-1-rep2,262,1081.0,84.64384828862165,221.0,20.444035,rep2,2
GGGAGTATCGTGGCTG-1-rep2,289,998.0,80.7615230460922,123.0,12.324649,rep2,2
GGGCTACGTGGCCCAT-1-rep2,1663,5360.0,34.88805970149254,98.0,1.8283582,rep2,2
GGTCACGGTGTGTACT-1-rep2,383,1189.0,74.51640033641715,90.0,7.569386,rep2,2
GTAAGTCTCTTGCAGA-1-rep2,1519,4434.0,42.6702751465945,139.0,3.1348667,rep2,2
GTAGAGGCATGACAGG-1-rep2,310,882.0,76.07709750566893,94.0,10.657597,rep2,2
GTCATCCCAAATGGCG-1-rep2,1323,4042.0,42.9737753587333,105.0,2.597724,rep2,2
GTCTACCTCGTTTACT-1-rep2,2473,11207.0,36.14705095029892,142.0,1.2670652,rep2,2
GTGAGCCGTAGGCAAC-1-rep2,384,1053.0,70.08547008547008,126.0,11.965812,rep2,2
GTGCGTGAGGTTGTTC-1-rep2,363,1022.0,74.26614481409001,164.0,16.046967,rep2,2
GTGTTAGCAAGTTCGT-1-rep2,1482,3451.0,39.46682121124312,177.0,5.128948,rep2,2
GTGTTCCTCCCTGGTT-1-rep2,1091,2815.0,45.257548845470694,67.0,2.3801067,rep2,2
GTTACCCCAGCCGTCA-1-rep2,1473,4227.0,35.65176247929974,86.0,2.03454,rep2,2
GTTACCCGTCATCTAG-1-rep2,640,1730.0,62.312138728323696,92.0,5.317919,rep2,2
GTTACGAGTGACACGA-1-rep2,541,1906.0,70.56663168940189,359.0,18.835257,rep2,2
GTTATGGCAGCCCAGT-1-rep2,1733,4952.0,38.004846526655896,129.0,2.6050081,rep2,2
GTTCCGTTCGATACTG-1-rep2,465,1106.0,62.92947558770343,96.0,8.679928,rep2,2
GTTGAACCAGGCGTTC-1-rep2,378,1142.0,75.13134851138354,135.0,11.821366,rep2,2
GTTGAACTCAAGGAGC-1-rep2,410,1152.0,70.3125,100.0,8.680555,rep2,2
GTTGTGACAAACCATC-1-rep2,2317,24442.0,77.44456263808199,3365.0,13.767285,rep2,2
GTTGTGATCGCGTAGC-1-rep2,665,1625.0,55.138461538461534,67.0,4.123077,rep2,2
GTTTGGAGTGGAGAAA-1-rep2,463,1055.0,61.51658767772512,53.0,5.0236964,rep2,2
TACAACGAGGTCGTAG-1-rep2,398,1084.0,70.47970479704797,64.0,5.904059,rep2,2
TACCCGTCACAATGTC-1-rep2,294,1046.0,80.78393881453155,84.0,8.030593,rep2,2
TACGGGCTCGGTAACT-1-rep2,1649,4565.0,35.815991237677984,98.0,2.146769,rep2,2
TACTGCCGTTATGTCG-1-rep2,410,1212.0,71.12211221122112,118.0,9.735974,rep2,2
TAGGGTTCATCTTAGG-1-rep2,1891,6287.0,34.75425481151583,91.0,1.4474312,rep2,2
TAGTGCACAGCCGTTG-1-rep2,1663,4020.0,32.33830845771145,119.0,2.9601989,rep2,2
TATGTTCAGAGAGGTA-1-rep2,1250,3092.0,39.32729624838293,75.0,2.4256146,rep2,2
TCAATTCCACATCCCT-1-rep2,1039,3292.0,52.91616038882139,209.0,6.348724,rep2,2
TCACTATCAGCGTGAA-1-rep2,1933,9326.0,44.43491314604332,594.0,6.3692904,rep2,2
TCAGTCCAGGTATTGA-1-rep2,403,1085.0,68.47926267281106,66.0,6.0829496,rep2,2
TCATACTGTCACCCTT-1-rep2,807,1766.0,49.60362400906002,82.0,4.6432614,rep2,2
TCATCCGAGTTCATCG-1-rep2,746,1577.0,50.538998097653774,57.0,3.6144576,rep2,2
TCATGAGGTCCGTTTC-1-rep2,1712,7682.0,57.341838063004424,111.0,1.4449362,rep2,2
TCATGCCAGATCCGAG-1-rep2,1696,18239.0,79.66445528811886,4044.0,22.172268,rep2,2
TCATGCCGTCACGACC-1-rep2,294,1020.0,80.98039215686275,126.0,12.3529415,rep2,2
TCATTGTGTCCGATCG-1-rep2,1637,6630.0,41.0708898944193,74.0,1.1161388,rep2,2
TCCATGCGTGACCGTC-1-rep2,282,875.0,78.74285714285715,119.0,13.6,rep2,2
TCCGAAATCTGTCCCA-1-rep2,381,1033.0,70.57115198451113,103.0,9.970959,rep2,2
TCCTCCCAGTAGCTCT-1-rep2,449,1219.0,66.44790812141099,84.0,6.8908944,rep2,2
TCCTGCAGTTCTCAGA-1-rep2,1724,9734.0,66.74542839531539,1524.0,15.656463,rep2,2
TCGACCTTCGAGCCAC-1-rep2,771,2762.0,61.404779145546705,54.0,1.955105,rep2,2
TCGACCTTCTTTGCAT-1-rep2,523,1870.0,72.7807486631016,47.0,2.513369,rep2,2
TCGATTTAGCTGCCAC-1-rep2,1644,5188.0,39.80339244410177,153.0,2.9491134,rep2,2
TCGCAGGCACAAGTTC-1-rep2,497,2809.0,82.48487006051975,93.0,3.310787,rep2,2
TCGCTCACACTCGATA-1-rep2,735,2414.0,60.06628003314002,76.0,3.1483016,rep2,2
TCGGGTGTCCACAGGC-1-rep2,549,1466.0,64.5293315143247,157.0,10.709414,rep2,2
TCTATACAGTTGCTGT-1-rep2,786,1672.0,50.77751196172249,99.0,5.921053,rep2,2
TCTTCCTAGGACATCG-1-rep2,255,965.0,83.93782383419689,125.0,12.953368,rep2,2
TGAGACTGTTAGCGGA-1-rep2,413,1119.0,66.30920464700625,62.0,5.5406613,rep2,2
TGAGGAGGTCCAGCGT-1-rep2,1351,3417.0,38.952297336845184,72.0,2.1071115,rep2,2
TGCAGGCAGGGAGTGG-1-rep2,224,879.0,85.89306029579066,135.0,15.358361,rep2,2
TGCAGTAGTGTTTACG-1-rep2,1256,3378.0,43.043220840734165,125.0,3.7004142,rep2,2
TGCATGAGTTCCCAAA-1-rep2,712,2469.0,63.46699068448765,117.0,4.738761,rep2,2
TGCGACGTCCTACCGT-1-rep2,646,1569.0,55.321861057998724,56.0,3.569152,rep2,2
TGGCGTGGTCCGTTTC-1-rep2,514,1625.0,63.63076923076923,60.0,3.6923077,rep2,2
TGGTAGTCAGGCTCTG-1-rep2,460,1212.0,63.94389438943895,38.0,3.1353135,rep2,2
TGGTGATCAGCCGGTT-1-rep2,304,945.0,77.24867724867724,129.0,13.650794,rep2,2
TGTTACTGTACAGTTC-1-rep2,1845,5838.0,37.68413840356286,76.0,1.3018157,rep2,2
TGTTCCGGTCCGTACG-1-rep2,480,1501.0,69.55363091272486,77.0,5.1299133,rep2,2
TGTTTGTTCATTCTTG-1-rep2,1101,2488.0,39.83118971061093,100.0,4.0192924,rep2,2
TTACCGCGTTACCCAA-1-rep2,355,1246.0,76.24398073836277,130.0,10.433387,rep2,2
TTCAATCCACGACAGA-1-rep2,429,1481.0,72.65361242403782,119.0,8.035111,rep2,2
TTCCAATAGGTCTTTG-1-rep2,1840,8311.0,56.046203826254356,202.0,2.4305136,rep2,2
TTCCTCTAGGCCTTGC-1-rep2,1442,4229.0,43.67462757152991,176.0,4.1617403,rep2,2
TTCGGTCAGGGACCAT-1-rep2,337,1220.0,80.32786885245902,140.0,11.4754095,rep2,2
TTCTAACTCGTCACCT-1-rep2,740,1779.0,52.16413715570545,75.0,4.2158513,rep2,2
TTCTTCCCAGGAGACT-1-rep2,426,1164.0,68.81443298969072,47.0,4.037801,rep2,2
TTCTTCCCAGTCGAGA-1-rep2,429,993.0,65.65961732124875,61.0,6.143001,rep2,2
TTGTGGAGTATCCCAA-1-rep2,643,1589.0,60.100692259282575,267.0,16.80302,rep2,2
TTGTTCAGTCCGCAGT-1-rep2,759,2171.0,57.438968217411336,105.0,4.836481,rep2,2
TTGTTGTGTCGGCACT-1-rep2,1446,3657.0,38.72026251025431,142.0,3.8829644,rep2,2
TTGTTTGCACTATGTG-1-rep2,1595,14830.0,77.12070128118678,3429.0,23.12205,rep2,2
TTGTTTGCAGCGTTGC-1-rep2,575,2639.0,76.80939749905266,194.0,7.3512697,rep2,2
TTTAGTCCAATCGCAT-1-rep2,2475,7791.0,33.84674624566808,81.0,1.0396612,rep2,2
TTTATGCTCTGAGATC-1-rep2,1886,4683.0,29.66047405509289,100.0,2.1353834,rep2,2
